title,category,prompt,image_url,local_image_path,author,tags,date_published,url
Spider-Man Street Look,Photography,"Create an ultra-photorealistic full-body fashion photograph matching the uploaded reference image as closely as possible. A young South Asian man stands indoors on a gray marble-tiled floor, photographed from a slightly elevated top-down angle. He wears a realistic red-and-blue Spider-Man-inspired fitted suit with detailed web texture and black spider emblem, layered with a black backpack, loose light-gray jogger pants, and clean white low-top sneakers.

He holds a red Spider-Man mask naturally in one hand while the other hand rests inside his jogger pocket. Maintain the same pose, body proportions, facial expression, hairstyle, camera angle, perspective, clothing arrangement, framing, and overall composition as the reference.

Natural indoor lighting, realistic marble reflections and texture, detailed fabric and webbing, authentic skin pores, realistic hair strands, natural anatomy, subtle shadows, candid smartphone photography aesthetic, high dynamic range, sharp focus, 8K, ultra-detailed, true photograph, not illustration or 3D render. Vertical 4:5 composition. Keep the image realistic and naturally proportioned, with no extra fingers, distorted hands, artificial face changes, excessive muscularity, watermark, or unwanted text.",https://cdn.faymas.in/prompt_outputs/1c292858-310e-4bd1-9d33-2b57f39253b1/bebbd984-4c9e-444f-84c0-2d9da905eb55.webp,scraped_data\images\001_Spider-Man_Street_Look.webp,Shiva Bhai,"Photography, GPT Image",2026-09-27T05:44:04.246Z,https://faymas.in/prompt/spider-man-street-look-1c0a1f59
Red Shadow,Photography,"Create an ultra-photorealistic cinematic fashion portrait matching the uploaded reference image as closely as possible. A young South Asian man is seated confidently in a black leather chair, wearing an elegant all-black textured kurta-style shirt and black trousers, with a silver metal wristwatch. He wears bold red-tinted rectangular sunglasses and has thick, naturally textured black hair, a subtle moustache and short beard.

Maintain the same seated pose, body posture, hand placement, facial expression, hairstyle, sunglasses, clothing, camera angle, framing, and overall composition as the reference. His head is slightly tilted upward with a calm, serious, confident attitude. One arm rests naturally on the chair armrest while the other extends comfortably.

Create a dramatic deep-red cinematic background with multiple large, semi-transparent ghosted portraits of the same subject behind him, creating a powerful layered effect. Add subtle red glitch lines, horizontal digital distortion, light streaks, and atmospheric texture throughout the background. Strong red rim lighting outlines the hair, shoulders, and chair, while warm controlled key lighting reveals realistic facial and clothing details.

High-end Indian action-film poster aesthetic, cinematic photography, 85mm lens, shallow depth of field, dramatic contrast, realistic skin pores, detailed hair strands, natural anatomy, realistic fabric texture, premium color grading, ultra-detailed, 8K, true photograph, not illustration, not 3D render. Vertical 4:5 composition. No extra fingers, no distorted hands, no artificial beauty filter, no unwanted text, no watermark.",https://cdn.faymas.in/prompt_outputs/1c292858-310e-4bd1-9d33-2b57f39253b1/5f415f63-3531-4f6b-bb0e-704f46e23c5f.webp,scraped_data\images\002_Red_Shadow.webp,Shiva Bhai,"Photography, GPT Image",2026-09-27T05:41:47.029Z,https://faymas.in/prompt/red-shadow-140f0a95
Maroon Attitude,Photography,"Create an ultra-photorealistic portrait matching the uploaded reference image as closely as possible. A young South Asian man with thick, naturally textured black hair, light moustache and short beard, wearing dark olive aviator sunglasses and a deep maroon textured shirt with black collar and pocket detailing. He stands confidently with his arms crossed, wearing a stylish metal wristwatch.

Maintain the same pose, body proportions, facial expression, hairstyle, sunglasses, clothing, camera angle, framing, background, and overall composition as the reference. Warm outdoor daylight, soft natural shadows, realistic skin texture and pores, detailed hair strands, authentic fabric texture, shallow depth of field. Keep the background with the warm orange wall, yellow architectural element, blurred people, and red-and-white signage naturally out of focus.

Shot like a professional candid DSLR photograph, 85mm portrait lens, realistic depth of field, cinematic but natural color grading, high dynamic range, ultra-detailed, 8K, true photograph, not illustration or 3D render. Preserve natural anatomy and realistic proportions. Vertical 4:5 composition, no extra fingers, no distorted features, no artificial beauty filter, no watermark or unwanted text.",https://cdn.faymas.in/prompt_outputs/1c292858-310e-4bd1-9d33-2b57f39253b1/66bde590-d12a-49fb-ba35-0eac37f404c6.webp,scraped_data\images\003_Maroon_Attitude.webp,Shiva Bhai,"Photography, GPT Image",2026-09-27T05:39:57.210Z,https://faymas.in/prompt/maroon-attitude-4dafd892
Famous search bar title: Viral Couple Scooter Travel Selfie 🛵🏔️✨,Photography,"Use the uploaded reference image as the exact visual and identity reference for my face. Preserve my face exactly as it appears in the reference—same facial structure, face shape, eyes, eyebrows, eyelids, nose, lips, jawline, cheeks, skin tone, natural skin texture, proportions, expression, and all recognizable facial characteristics. Do not redesign, beautify, smooth, reshape, age, de-age, masculinize, feminize, or replace my face. No face swap and no generic AI face. My face must remain unmistakably the same person.

Recreate the same photograph, composition, perspective, camera angle, framing, lighting, colors, contrast, exposure, depth, atmosphere, and overall visual appearance as the reference image. Keep the road, mountains, green landscape, expansive blue sky, textured clouds, sunlight from the left, scooter/motorbike, clothing, helmet, sunglasses, second person, pose, and background arrangement consistent with the original reference.

The image should look like a real spontaneous travel selfie captured on a moving scooter, with the same wide-angle perspective and natural slight lens distortion. Preserve the original foreground arm/selfie-stick perspective and the exact sense of distance between the camera and subjects.

Face-specific requirements

Use only my uploaded face as the identity reference.

Keep my exact facial proportions and recognizable features.

Preserve my natural skin tone and realistic skin texture.

Keep the same eye shape, eyebrow shape, nose, lips, cheeks, chin and jaw structure.

Preserve the natural expression and facial positioning.

Keep sunglasses/helmet interaction with the face realistic.

Do not generate a different person.

Do not blend my face with another person's face.

Do not alter facial symmetry unnaturally.

No beauty filter, plastic skin, excessive retouching, or artificial facial enhancement.

Maintain realistic pores and natural photographic detail.


Image/colour matching

Match the reference image's exact overall look: bright natural daylight, warm sunlight, cool blue sky, realistic greens, soft atmospheric mountains, high dynamic range, crisp but natural details, subtle smartphone-camera processing, realistic shadows, natural highlights, and the same overall colour grading/filter.

Photorealistic, ultra-detailed, natural DSLR/smartphone travel photography, realistic skin texture, authentic lighting, accurate perspective, high-resolution, no artificial-looking elements, no text, no watermark.",https://cdn.faymas.in/prompt_outputs/e87a5969-3580-4792-ac0f-30bbc7fe0c95/0c066512-a03a-4d47-adcb-6a69d2e103b2.webp,scraped_data\images\004_Famous_search_bar_title__Viral_Couple_Scooter_Travel_Sel.webp,Deepika___***,portrait,2026-09-27T05:37:19.404Z,https://faymas.in/prompt/famous-search-bar-title-viral-couple-scooter-travel-selfie-aba25b98
Romantic Couple Portrait in Matching Football Jerseys,Photography,"Create a highly realistic full-body couple portrait inside a stylish modern restaurant or café corridor at night. A young man and woman are standing closely together in a natural, affectionate pose, wearing matching white football jerseys with black detailing and black bottoms.

The woman is standing slightly in front of the man and leaning her head gently toward his shoulder, with a soft, happy smile. The man is standing beside her with a relaxed expression and his arm naturally around her waist. She is holding a small light-blue handbag, while both wear clean white sneakers.

Preserve realistic facial features, natural skin texture, hairstyles, body proportions, clothing details, and authentic expressions. The background should feature a warm wooden ceiling, symmetrical corridor perspective, tall tropical green plants on both sides, warm wall lights, yellow lounge chairs, wooden tables, and elegant restaurant décor.

Use warm cinematic nighttime lighting, realistic shadows, natural reflections, sharp facial and clothing details, shallow depth of field, professional smartphone-camera photography, and a natural romantic atmosphere. Keep the complete bodies and footwear visible, with a balanced vertical composition.",https://cdn.faymas.in/prompt_outputs/1c292858-310e-4bd1-9d33-2b57f39253b1/e11d239a-3e98-4832-82ca-cfafc37e9176.webp,scraped_data\images\005_Romantic_Couple_Portrait_in_Matching_Football_Jerseys.webp,Shiva Bhai,"Photography, GPT Image",2026-09-27T05:30:28.153Z,https://faymas.in/prompt/romantic-couple-portrait-in-matching-football-jerseys-02146c9a
Spider-Man Couple Campus Selfie,Photography,"Create an ultra-realistic cinematic full-body couple photograph of a young South Asian couple standing together inside a modern polished marble building, photographed from a slightly elevated high-angle perspective.

The couple is wearing matching red-and-blue Spider-Man-inspired compression tops with detailed black web patterns and a black spider emblem on the chest. The woman wears loose white jogger pants and white sneakers, while the man wears black cargo-style pants and white sneakers. Both are holding their matching Spider-Man masks in one hand.

The man stands slightly behind and beside the woman, with his arm naturally resting around her shoulders. They are holding hands with their free hands. The woman has long, naturally wavy dark hair and a soft genuine smile, while the man has thick dark hair, light facial hair, and a calm, relaxed expression. Both look directly toward the camera.

Include realistic black backpacks, natural clothing folds, detailed fabric texture, authentic skin texture, realistic hair strands, natural body proportions, and subtle candid body language.

Environment: spacious modern indoor corridor with glossy dark gray marble flooring, reflective surfaces, tall architectural walls, soft daylight entering from the side, and a clean contemporary atmosphere.

Photography: professional DSLR/full-frame photography, approximately 35–50mm lens, slightly elevated camera angle, full-body composition, realistic perspective, shallow-to-moderate depth of field, natural soft lighting, realistic shadows and reflections, crisp facial details, cinematic but natural color grading.

Important: photorealistic human anatomy, natural facial features, realistic skin pores and texture, realistic hands and fingers, accurate clothing details, no cartoon appearance, no artificial plastic skin, no excessive HDR, no oversharpening, no text, no watermark, no logo distortion.",https://cdn.faymas.in/prompt_outputs/1c292858-310e-4bd1-9d33-2b57f39253b1/026a5f13-4b23-4f83-87f6-aaa1bb979129.webp,scraped_data\images\006_Spider-Man_Couple_Campus_Selfie.webp,Shiva Bhai,"Photography, GPT Image",2026-09-27T05:23:44.639Z,https://faymas.in/prompt/spider-man-couple-campus-selfie-992d41f5
A romantic young Indian couple walking through a beautiful field of tall white kans grass,Photography,"Create a cinematic 8K DSLR photograph in a portrait composition of a romantic young Indian couple walking through a beautiful field of tall white Kans grass. The young man wears a stylish white shirt with vibrant pink floral prints and white trousers, looking lovingly at the woman while gently holding the flowing end of her saree. The beautiful young woman wears a bright pink floral saree with an elegant white blouse, traditional jhumka, pink bangles, and long wavy black hair flowing naturally in the breeze. She smiles softly while gracefully touching her hair. An orange KTM Duke bike is parked behind them among the grass. Colorful butterflies flutter around the couple, while soft Kans grass creates a dreamy foreground and background. Bright natural daylight, cinematic lighting, realistic skin texture, detailed fabric, natural hair movement, shallow depth of field, foreground bokeh, vibrant natural colors, romantic storytelling, photorealistic and highly detailed.",https://cdn.faymas.in/prompt_outputs/54337ef2-6f85-42bb-ba5c-016dc9a16dca/79567c41-220f-4cdd-9772-5437ab534900.webp,scraped_data\images\007_A_romantic_young_Indian_couple_walking_through_a_beautif.webp,Sumit Ray,cinematic-portrait,2026-09-27T05:22:07.643Z,https://faymas.in/prompt/a-romantic-young-indian-couple-walking-through-a-beautiful-field-of-tall-white-kans-grass-7c26a736
Rainbow Hot Air Balloon Over Mountain Valley,Photography,"**Prompt:** A young man with curly dark hair, light beard, and sunglasses stands confidently in a woven wicker hot air balloon basket, wearing a beige jacket over a black shirt, one hand resting on the red railing. The balloon features a vibrant rainbow checkered pattern in red, orange, yellow, green, blue, and purple. Bright burners glow beneath the balloon with rising smoke. A colorful vertical striped banner in red, green, yellow, and blue hangs on the front of the basket. Below stretches a vast green forested valley with a winding river, rolling hills, and distant snow-capped mountains under a bright blue sky with soft clouds and golden sunlight. Ultra-realistic, cinematic lighting, high detail.",https://cdn.faymas.in/prompt_outputs/521ab5bb-2798-4415-a1b3-1ec7f8fef3db/bde24296-952b-4c2d-8e3d-29414e3e2dda.webp,scraped_data\images\008_Rainbow_Hot_Air_Balloon_Over_Mountain_Valley.webp,Prasanta kumar Jena,cinematic,2026-09-27T05:22:03.401Z,https://faymas.in/prompt/rainbow-hot-air-balloon-over-mountain-valley-551cffe1
Summer Secrets: Sun-Dappled Love on the Grass,Photography,"A beautiful, bright cinematic top-down aerial overhead portrait photograph of a young East Asian couple lying down head-to-shoulder on lush, vibrant green grass in a sunlit garden.Composition & Layout: The couple is lying in opposite vertical directions, with their heads close together in the center of the frame. They are holding hands intimately, with their fingers softly intertwined. The camera is positioned directly above them, looking straight down in a perfect 90-degree flat-lay angle.Female Subject Details: The woman on the left is looking directly up into the camera lens with a calm, serene, and soulful expression. She has soft brown hair with delicate front bangs, a fair complexion with a soft pink blush, and natural subtle freckles across her nose and cheeks. She is wearing a simple solid crimson red camisole tank top with thin straps, tucked into dark blue denim jeans.Male Subject Details: The man on the right is also looking up at the camera with a gentle, relaxed expression. He has short, neatly styled dark black hair with a casual fringe. He is wearing a basic casual solid black crew-neck t-shirt.Lighting & Environment: The setting is thick, healthy green grass. Beautiful dhoop-chhaon (dappled sunlight and shadows) patterns from overhead tree leaves fall softly across their bodies and faces, creating high-contrast patches of bright golden warm light and cool shadows. A few out-of-focus white flowers and green leaves are visible in the immediate foreground corners, adding depth to the frame.Camera Technicalities: Shot on a high-end full-frame professional mirrorless camera, 35mm wide lens, f/2.8 aperture to keep both subjects perfectly sharp while softly blurring the foreground elements. Rich color grading with a warm, natural, and nostalgic summer aesthetic. Photorealistic skin texture, crisp fabric details, and fine grass blades, 8k resolution. --ar 9:16",https://cdn.faymas.in/prompt_outputs/e5781656-b2dc-415f-b0c3-55c6c235f93d/6140a3f8-23e4-411d-9b4c-0a55db074966.webp,scraped_data\images\009_Summer_Secrets__Sun-Dappled_Love_on_the_Grass.webp,Ahmed khan,"Photography, Nanobanana",2026-09-27T05:20:39.492Z,https://faymas.in/prompt/summer-secrets-sun-dappled-love-on-the-grass-d03f9871
Neon Green Vision,Photography,"A stylish young South Asian man with short curly black hair and a neat full beard, wearing oversized square frame bright neon green sunglasses with reflective green lenses, dressed in a fitted blue ribbed short-sleeve t-shirt with neon lime green trim on the collar and sleeve cuffs, confident pose looking slightly upward, smooth solid gradient blue studio background, high-fashion portrait photography, sharp focus, vibrant colors, professional lighting.",https://cdn.faymas.in/prompt_outputs/521ab5bb-2798-4415-a1b3-1ec7f8fef3db/c44aeabf-d67e-45ca-b01a-97901b1bcfba.webp,scraped_data\images\010_Neon_Green_Vision.webp,Prasanta kumar Jena,cinematic,2026-09-27T05:18:14.516Z,https://faymas.in/prompt/neon-green-vision-9c2e8d13
